﻿"标注组件名称","选项数据"
"备注(143)",
"病灶类型(163)","[{""text"":""单个细胞"",""code"":""1""},{""text"":""成团细胞"",""code"":""2""}]"
"标注框标注注释（更新）(1009)","[{""text"":""正常成团细胞（支气管上皮巢）"",""code"":""1""},{""text"":""良性病变"",""code"":""2""},{""text"":""异型"",""code"":""3""},{""text"":""恶性"",""code"":""4""}]"
"图层标注信息(1000)","[{""text"":""正常"",""code"":""1""},{""text"":""异型"",""code"":""2""},{""text"":""恶性"",""code"":""3""}]"
