﻿"标注组件名称","选项数据"
"病灶位置(157)","[{""text"":""左"",""code"":""1""},{""text"":""右"",""code"":""2""},{""text"":""全视野"",""code"":""3""}]"
"病灶类型(163)","[{""text"":""单个细胞"",""code"":""1""},{""text"":""成团细胞"",""code"":""2""}]"
"Tag标注注释(164)","[{""text"":""正常"",""code"":""1""},{""text"":""良性病变"",""code"":""2""},{""text"":""异型"",""code"":""3""},{""text"":""恶性"",""code"":""4""},{""text"":""图像模糊"",""code"":""5""}]"
"标注框标注注释(166)","[{""text"":""正常成团细胞（支气管上皮巢）"",""code"":""1""},{""text"":""良性病变"",""code"":""2""},{""text"":""异型"",""code"":""3""},{""text"":""恶性"",""code"":""4""},{""text"":""模糊细胞团"",""code"":""5""}]"
